﻿<?xml version="1.0" encoding="utf-8"?>
<deployment>
  <id>ac589d6e-87db-4e74-95b9-85f3e9d88df2</id>
  <author>N/A</author>
  <deployer>OneDeploy</deployer>
  <authorEmail>N/A</authorEmail>
  <message>OneDeploy</message>
  <progress></progress>
  <status>Success</status>
  <statusText></statusText>
  <lastSuccessEndTime>2025-10-22T13:14:16.3094233Z</lastSuccessEndTime>
  <receivedTime>2025-10-22T13:14:09.6000459Z</receivedTime>
  <startTime>2025-10-22T13:14:11.2195859Z</startTime>
  <endTime>2025-10-22T13:14:16.3094233Z</endTime>
  <complete>True</complete>
  <is_temp>False</is_temp>
  <is_readonly>True</is_readonly>
  <buildSummary />
</deployment>