﻿<?xml version="1.0" encoding="utf-8"?>
<deployment>
  <id>171edc4b-9d4a-459d-9a10-c5e487c4fd60</id>
  <author>N/A</author>
  <deployer>Push-Deployer</deployer>
  <authorEmail>N/A</authorEmail>
  <message>Created via a push deployment</message>
  <progress></progress>
  <status>Success</status>
  <statusText></statusText>
  <lastSuccessEndTime>2025-11-08T13:30:59.933987Z</lastSuccessEndTime>
  <receivedTime>2025-11-08T13:30:47.1022306Z</receivedTime>
  <startTime>2025-11-08T13:30:48.4581766Z</startTime>
  <endTime>2025-11-08T13:30:59.933987Z</endTime>
  <complete>True</complete>
  <is_temp>False</is_temp>
  <is_readonly>True</is_readonly>
  <buildSummary />
</deployment>