﻿<?xml version="1.0" encoding="utf-8"?>
<deployment>
  <id>e1e1d181-0200-44e7-b221-b2ba76f69d64</id>
  <author>N/A</author>
  <deployer>Push-Deployer</deployer>
  <authorEmail>N/A</authorEmail>
  <message>Created via a push deployment</message>
  <progress></progress>
  <status>Success</status>
  <statusText></statusText>
  <lastSuccessEndTime>2025-11-08T12:28:51.8129264Z</lastSuccessEndTime>
  <receivedTime>2025-11-08T12:27:25.7201854Z</receivedTime>
  <startTime>2025-11-08T12:27:27.8889235Z</startTime>
  <endTime>2025-11-08T12:28:51.8129264Z</endTime>
  <complete>True</complete>
  <is_temp>False</is_temp>
  <is_readonly>True</is_readonly>
  <buildSummary />
</deployment>