﻿<?xml version="1.0" encoding="utf-8"?>
<deployment>
  <id>4cedd1a1-0a7f-4a96-9a92-de31645172bb</id>
  <author>N/A</author>
  <deployer>Push-Deployer</deployer>
  <authorEmail>N/A</authorEmail>
  <message>Created via a push deployment</message>
  <progress></progress>
  <status>Success</status>
  <statusText></statusText>
  <lastSuccessEndTime>2025-11-08T14:14:37.8213361Z</lastSuccessEndTime>
  <receivedTime>2025-11-08T14:14:06.7056451Z</receivedTime>
  <startTime>2025-11-08T14:14:08.0838485Z</startTime>
  <endTime>2025-11-08T14:14:37.8213361Z</endTime>
  <complete>True</complete>
  <is_temp>False</is_temp>
  <is_readonly>True</is_readonly>
  <buildSummary />
</deployment>