﻿<?xml version="1.0" encoding="utf-8"?>
<deployment>
  <id>c2dc6e69-bc95-423c-aafe-7bab30ed26c9</id>
  <author>N/A</author>
  <deployer>OneDeploy</deployer>
  <authorEmail>N/A</authorEmail>
  <message>OneDeploy</message>
  <progress></progress>
  <status>Success</status>
  <statusText></statusText>
  <lastSuccessEndTime>2025-10-22T13:38:32.2172905Z</lastSuccessEndTime>
  <receivedTime>2025-10-22T13:38:26.8466676Z</receivedTime>
  <startTime>2025-10-22T13:38:28.2597219Z</startTime>
  <endTime>2025-10-22T13:38:32.2172905Z</endTime>
  <complete>True</complete>
  <is_temp>False</is_temp>
  <is_readonly>True</is_readonly>
  <buildSummary />
</deployment>