﻿<?xml version="1.0" encoding="utf-8"?>
<deployment>
  <id>a0c3eca9-479c-42b7-9519-2812cc952dc3</id>
  <author>N/A</author>
  <deployer>Push-Deployer</deployer>
  <authorEmail>N/A</authorEmail>
  <message>Created via a push deployment</message>
  <progress></progress>
  <status>Success</status>
  <statusText></statusText>
  <lastSuccessEndTime>2025-11-08T05:11:20.874306Z</lastSuccessEndTime>
  <receivedTime>2025-11-08T05:10:55.7430056Z</receivedTime>
  <startTime>2025-11-08T05:10:57.1159268Z</startTime>
  <endTime>2025-11-08T05:11:20.874306Z</endTime>
  <complete>True</complete>
  <is_temp>False</is_temp>
  <is_readonly>True</is_readonly>
  <buildSummary />
</deployment>