﻿<?xml version="1.0" encoding="utf-8"?>
<deployment>
  <id>a4a24673-4aab-465a-84f4-77f0e8c95869</id>
  <author>N/A</author>
  <deployer>Push-Deployer</deployer>
  <authorEmail>N/A</authorEmail>
  <message>Created via a push deployment</message>
  <progress></progress>
  <status>Success</status>
  <statusText></statusText>
  <lastSuccessEndTime>2025-11-08T13:48:54.4159717Z</lastSuccessEndTime>
  <receivedTime>2025-11-08T13:47:56.7772488Z</receivedTime>
  <startTime>2025-11-08T13:47:58.3572529Z</startTime>
  <endTime>2025-11-08T13:48:54.4159717Z</endTime>
  <complete>True</complete>
  <is_temp>False</is_temp>
  <is_readonly>True</is_readonly>
  <buildSummary />
</deployment>