﻿<?xml version="1.0" encoding="utf-8"?>
<deployment>
  <id>e60a312f-4a6a-4bc0-adae-8defd24336d0</id>
  <author>N/A</author>
  <deployer>Push-Deployer</deployer>
  <authorEmail>N/A</authorEmail>
  <message>Created via a push deployment</message>
  <progress></progress>
  <status>Success</status>
  <statusText></statusText>
  <lastSuccessEndTime>2025-11-07T18:25:56.6048354Z</lastSuccessEndTime>
  <receivedTime>2025-11-07T18:25:09.2270752Z</receivedTime>
  <startTime>2025-11-07T18:25:10.5866057Z</startTime>
  <endTime>2025-11-07T18:25:56.6048354Z</endTime>
  <complete>True</complete>
  <is_temp>False</is_temp>
  <is_readonly>True</is_readonly>
  <buildSummary />
</deployment>