<step title="Incoming Request" date="2025-11-08T14:13:58.852" instance="cbe9e9" url="/api/deployments/latest" method="GET" type="request" pid="831,1,27" Accept="*/*" Host="counselor-scheduler-123-bjayctaaejfccyas.scm.centralindia-01.azurewebsites.net" User-Agent="AZURECLI/2.78.0 (DEB)" Accept-Encoding="gzip, deflate" Authorization="Bea..." x-ms-client-request-id="f6164692-bcac-11f0-bb73-000d3a62d5dd" X-ARR-LOG-ID="f6164692-bcac-11f0-bb73-000d3a62d5dd" CLIENT-IP="64.236.169.2:1041" X-SITE-DEPLOYMENT-ID="counselor-scheduler-123" WAS-DEFAULT-HOSTNAME="counselor-scheduler-123-bjayctaaejfccyas.scm.centralindia-01.azurewebsites.net" X-Forwarded-Proto="https" X-AppService-Proto="https" X-Forwarded-TlsVersion="1.3" X-WAWS-Unencoded-URL="/api/deployments/latest" X-Client-IP="64.236.169.2" X-Client-Port="1041" >
  <step title="Cleanup Xml Logs" date="2025-11-08T14:13:58.855" >
    <step title="Cleanup Infos" date="2025-11-08T14:13:58.862" totalFiles="245" totalCleanup="85" /><!-- duration: 3ms -->
  </step><!-- duration: 13ms -->
  <step title="DeploymentService.GetResult" date="2025-11-08T14:13:58.875" >
    <step title="DeploymentService.GetLatestDeployment" date="2025-11-08T14:13:58.877" >
      <step title="DeploymentManager.GetResults" date="2025-11-08T14:13:58.880" /><!-- duration: 490ms -->
    </step><!-- duration: 495ms -->
  </step><!-- duration: 500ms -->
  <step title="Outgoing response" date="2025-11-08T14:13:59.379" type="response" statusCode="202" statusText="Accepted" /><!-- duration: 3ms -->
</step><!-- duration: 535ms -->
