<step title="Incoming Request" date="2025-11-08T13:47:44.369" instance="cbe9e9" url="/api/deployments/latest" method="GET" type="request" pid="831,1,19" Accept="*/*" Host="counselor-scheduler-123-bjayctaaejfccyas.scm.centralindia-01.azurewebsites.net" User-Agent="AZURECLI/2.78.0 (DEB)" Accept-Encoding="gzip, deflate" Authorization="Bea..." x-ms-client-request-id="52d6a600-bca9-11f0-bb73-7ced8d8209ad" X-ARR-LOG-ID="52d6a600-bca9-11f0-bb73-7ced8d8209ad" CLIENT-IP="57.151.137.213:13313" X-SITE-DEPLOYMENT-ID="counselor-scheduler-123" WAS-DEFAULT-HOSTNAME="counselor-scheduler-123-bjayctaaejfccyas.scm.centralindia-01.azurewebsites.net" X-Forwarded-Proto="https" X-AppService-Proto="https" X-Forwarded-TlsVersion="1.3" X-WAWS-Unencoded-URL="/api/deployments/latest" X-Client-IP="57.151.137.213" X-Client-Port="13313" >
  <step title="Cleanup Xml Logs" date="2025-11-08T13:47:44.433" >
    <step title="Cleanup Infos" date="2025-11-08T13:47:44.519" totalFiles="212" totalCleanup="52" /><!-- duration: 35ms -->
  </step><!-- duration: 142ms -->
  <step title="DeploymentService.GetResult" date="2025-11-08T13:47:44.613" >
    <step title="DeploymentService.GetLatestDeployment" date="2025-11-08T13:47:44.641" >
      <step title="DeploymentManager.GetResults" date="2025-11-08T13:47:44.760" /><!-- duration: 2249ms -->
    </step><!-- duration: 2420ms -->
  </step><!-- duration: 2478ms -->
  <step title="Outgoing response" date="2025-11-08T13:47:47.141" type="response" statusCode="202" statusText="Accepted" /><!-- duration: 10ms -->
</step><!-- duration: 2797ms -->
