<step title="Incoming Request" date="2025-11-08T13:30:14.210" instance="cbe9e9" url="/api/zipdeploy?isAsync=true" method="POST" type="request" pid="831,1,5" Accept="*/*" Host="counselor-scheduler-123-bjayctaaejfccyas.scm.centralindia-01.azurewebsites.net" User-Agent="AZURECLI/2.78.0 (DEB)" Accept-Encoding="gzip, deflate" Authorization="Bea..." Cache-Control="no-cache" Content-Type="application/octet-stream" Content-Length="40248792" x-ms-client-request-id="9879aa70-bca6-11f0-bb73-6045bdc86673" x-ms-artifact-checksum="7c939377244818d63c8b5bac935406dfede602e67806d9cb74b796f0feddc364" X-ARR-LOG-ID="9879aa70-bca6-11f0-bb73-6045bdc86673" CLIENT-IP="20.169.72.1:36872" X-SITE-DEPLOYMENT-ID="counselor-scheduler-123" WAS-DEFAULT-HOSTNAME="counselor-scheduler-123-bjayctaaejfccyas.scm.centralindia-01.azurewebsites.net" X-Forwarded-Proto="https" X-AppService-Proto="https" X-Forwarded-TlsVersion="1.3" X-WAWS-Unencoded-URL="/api/zipdeploy?isAsync=true" X-Client-IP="20.169.72.1" X-Client-Port="36872" >
  <step title="ZipPushDeploy" date="2025-11-08T13:30:14.380" >
    <step title="ZipDeploy. Extract zip." date="2025-11-08T13:30:14.386" /><!-- duration: 3ms -->
    <step title="None repository commit" date="2025-11-08T13:30:14.396" >
      <step title="Commit id: 171edc4b-9d4a-459d-9a10-c5e487c4fd60" date="2025-11-08T13:30:14.399" Message="N/A" AuthorName="N/A" AuthorEmail="N/A" /><!-- duration: 3ms -->
    </step><!-- duration: 9ms -->
    <step title="Starting PushDeployAsync" date="2025-11-08T13:30:14.408" /><!-- duration: 7ms -->
    <step title="Removing node_modules symlink" date="2025-11-08T13:30:14.427" >
      <step title="Removing sub node_modules symlink" date="2025-11-08T13:30:14.668" >
        <step title="Writing artifact to /tmp/zipdeploy/51546bb0-b24f-4019-88d2-62d169ed6de3.zip" date="2025-11-08T13:30:14.679" >
          <step title="Writing multipart request body to /tmp/zipdeploy/51546bb0-b24f-4019-88d2-62d169ed6de3.zip" date="2025-11-08T13:30:14.682" /><!-- duration: 2ms -->
        </step><!-- duration: 5892ms -->
        <step title="Removing previous build artifact&apos;s manifest file" date="2025-11-08T13:30:20.585" >
          <step title="Start deployment in the background" date="2025-11-08T13:30:20.595" >
            <step title="Acquiring Deployment Lock" date="2025-11-08T13:30:20.623" /><!-- duration: 2ms -->
            <step title="Acquired Deployment Lock" date="2025-11-08T13:30:20.661" /><!-- duration: 2ms -->
          </step><!-- duration: 129ms -->
        </step><!-- duration: 146ms -->
        <step title="Outgoing response" date="2025-11-08T13:30:20.744" type="response" statusCode="202" statusText="Accepted" /><!-- duration: 5ms -->
      </step><!-- duration: 6083ms -->
