<step title="Incoming Request" date="2025-11-07T19:07:04.581" instance="e3848c" url="/api/zipdeploy?isAsync=true" method="POST" type="request" pid="767,1,29" Accept="*/*" Host="counselor-scheduler-123-bjayctaaejfccyas.scm.centralindia-01.azurewebsites.net" User-Agent="AZURECLI/2.78.0 (DEB)" Accept-Encoding="gzip, deflate" Authorization="Bea..." Cache-Control="no-cache" Content-Type="application/octet-stream" Content-Length="40251585" x-ms-client-request-id="efd1f29a-bc0c-11f0-8270-7ced8d4e5f2c" x-ms-artifact-checksum="34e31bdb1dfe1698a78e5630b3006665534c7469d88a54e1ee666dfcb715e719" X-ARR-LOG-ID="efd1f29a-bc0c-11f0-8270-7ced8d4e5f2c" CLIENT-IP="52.154.19.226:11280" X-SITE-DEPLOYMENT-ID="counselor-scheduler-123" WAS-DEFAULT-HOSTNAME="counselor-scheduler-123-bjayctaaejfccyas.scm.centralindia-01.azurewebsites.net" X-Forwarded-Proto="https" X-AppService-Proto="https" X-Forwarded-TlsVersion="1.3" X-WAWS-Unencoded-URL="/api/zipdeploy?isAsync=true" X-Client-IP="52.154.19.226" X-Client-Port="11280" >
  <step title="Cleanup Xml Logs" date="2025-11-07T19:07:04.587" /><!-- duration: 17ms -->
  <step title="ZipPushDeploy" date="2025-11-07T19:07:04.828" >
    <step title="ZipDeploy. Extract zip." date="2025-11-07T19:07:04.838" /><!-- duration: 3ms -->
    <step title="None repository commit" date="2025-11-07T19:07:04.985" >
      <step title="Commit id: 68471cef-893d-4c5b-9433-575ddae1d097" date="2025-11-07T19:07:04.989" Message="N/A" AuthorName="N/A" AuthorEmail="N/A" /><!-- duration: 4ms -->
    </step><!-- duration: 10ms -->
    <step title="Starting PushDeployAsync" date="2025-11-07T19:07:05.007" /><!-- duration: 4ms -->
    <step title="Removing node_modules symlink" date="2025-11-07T19:07:05.037" >
      <step title="Removing _del_node_modules symlink" date="2025-11-07T19:07:05.226" >
        <step title="Writing artifact to /tmp/zipdeploy/4b0d63d6-5475-4e26-94e1-35f7870d79ae.zip" date="2025-11-07T19:07:05.254" >
          <step title="Writing multipart request body to /tmp/zipdeploy/4b0d63d6-5475-4e26-94e1-35f7870d79ae.zip" date="2025-11-07T19:07:05.261" /><!-- duration: 7ms -->
        </step><!-- duration: 5329ms -->
        <step title="Removing previous build artifact&apos;s manifest file" date="2025-11-07T19:07:10.720" >
          <step title="Start deployment in the background" date="2025-11-07T19:07:12.056" >
            <step title="Acquiring Deployment Lock" date="2025-11-07T19:07:12.953" /><!-- duration: 37ms -->
            <step title="Acquired Deployment Lock" date="2025-11-07T19:07:14.044" /><!-- duration: 65ms -->
          </step><!-- duration: 3579ms -->
        </step><!-- duration: 5191ms -->
        <step title="Outgoing response" date="2025-11-07T19:07:16.312" type="response" statusCode="202" statusText="Accepted" /><!-- duration: 90ms -->
      </step><!-- duration: 11197ms -->
