<step title="BackgroundTrace" date="2025-11-08T14:12:57.163" instance="cbe9e9" url="/api/zipdeploy" method="POST" >
  <step title="Cleanup Xml Logs" date="2025-11-08T14:12:57.178" >
    <step title="Cleanup Infos" date="2025-11-08T14:12:57.265" totalFiles="236" totalCleanup="76" /><!-- duration: 32ms -->
  </step><!-- duration: 130ms -->
  <step title="Creating temporary deployment - FetchDeploymentManager" date="2025-11-08T14:12:57.800" /><!-- duration: 12ms -->
  <step title="Creating temporary deployment" date="2025-11-08T14:12:57.835" /><!-- duration: 457ms -->
  <step title="Performing fetch based deployment" date="2025-11-08T14:12:58.701" >
    <step title="Cleaning up temp folders from previous zip deployments and extracting pushed zip file /tmp/zipdeploy/a8746234-6e44-438a-9571-3266e3d5b480.zip (38.39 MB) to /tmp/zipdeploy/extracted" date="2025-11-08T14:13:00.361" >
      <step title="ChmodRecursive Process exited with total time taken in ms: 630" date="2025-11-08T14:14:04.607" /><!-- duration: 6ms -->
    </step><!-- duration: 64261ms -->
    <step title="Deployment timer started" date="2025-11-08T14:14:06.639" >
      <step title="DeploymentManager.Deploy(id:4cedd1a1-0a7f-4a96-9a92-de31645172bb)" date="2025-11-08T14:14:06.643" >
        <step title="Collecting changeset information" date="2025-11-08T14:14:06.657" /><!-- duration: 129ms -->
        <step title="Updating submodules" date="2025-11-08T14:14:06.793" /><!-- duration: 1132ms -->
        <step title="Determining deployment builder" date="2025-11-08T14:14:08.160" >
          <step title="Builder is BasicBuilder" date="2025-11-08T14:14:08.167" /><!-- duration: 4ms -->
        </step><!-- duration: 16ms -->
        <step title="PreDeployment: context.CleanOutputPath False" date="2025-11-08T14:14:09.127" >
          <step title="PreDeployment: context.OutputPath /home/site/wwwroot" date="2025-11-08T14:14:09.247" >
            <step title="Building" date="2025-11-08T14:14:09.393" >
              <step title="Executing external process" date="2025-11-08T14:14:10.337" type="process" path="starter.sh" arguments="/opt/Kudu/Scripts/absoluteTar.sh /tmp/zipdeploy/extracted/node_modules /tmp/zipdeploy/extracted/node_modules.tar.gz" /><!-- duration: 23486ms -->
              <step title="Executing external process" date="2025-11-08T14:14:34.126" type="process" path="starter.sh" arguments="/opt/Kudu/Scripts/parallel_rsync.sh /tmp/zipdeploy/extracted /home/site/wwwroot 8 /tmp/ False True node_modules " /><!-- duration: 2575ms -->
              <step title="Triggering recycle (preview mode disabled)." date="2025-11-08T14:14:37.403" /><!-- duration: 3ms -->
              <step title="Modified file to trigger a restart of the app container." date="2025-11-08T14:14:37.428" /><!-- duration: 4ms -->
              <step title="Skip function trigger and logicapp sync because function is not enabled." date="2025-11-08T14:14:37.447" /><!-- duration: 6ms -->
            </step><!-- duration: 29070ms -->
          </step><!-- duration: 29230ms -->
          <step title="Cleaning up temp files" date="2025-11-08T14:14:38.479" /><!-- duration: 4ms -->
          <step title="Cleaning up temp files" date="2025-11-08T14:14:38.486" /><!-- duration: 505ms -->
          <step title="Reloading status file with latest updates" date="2025-11-08T14:14:39.032" >
            <step title="WebHooksManager.PublishEventAsync: PostDeployment" date="2025-11-08T14:14:39.038" /><!-- duration: 51ms -->
          </step><!-- duration: 60ms -->
          <step title="Cleaning up temporary deployment - fetch deployment was successful" date="2025-11-08T14:14:39.103" /><!-- duration: 3ms -->
        </step><!-- duration: 30066ms -->
      </step><!-- duration: 32569ms -->
