<step title="Incoming Request" date="2025-11-08T05:10:27.016" instance="9be4b8" url="/api/zipdeploy?isAsync=true" method="POST" type="request" pid="831,1,6" Accept="*/*" Host="counselor-scheduler-123-bjayctaaejfccyas.scm.centralindia-01.azurewebsites.net" User-Agent="AZURECLI/2.78.0 (DEB)" Accept-Encoding="gzip, deflate" Authorization="Bea..." Cache-Control="no-cache" Content-Type="application/octet-stream" Content-Length="40251585" x-ms-client-request-id="3114479a-bc61-11f0-bb73-0022480c3bfd" x-ms-artifact-checksum="bf332038fadee1a19ff352c205909206c33d0c8816e31a2f164a0f72b829211c" X-ARR-LOG-ID="3114479a-bc61-11f0-bb73-0022480c3bfd" CLIENT-IP="172.184.174.113:44992" X-SITE-DEPLOYMENT-ID="counselor-scheduler-123" WAS-DEFAULT-HOSTNAME="counselor-scheduler-123-bjayctaaejfccyas.scm.centralindia-01.azurewebsites.net" X-Forwarded-Proto="https" X-AppService-Proto="https" X-Forwarded-TlsVersion="1.3" X-WAWS-Unencoded-URL="/api/zipdeploy?isAsync=true" X-Client-IP="172.184.174.113" X-Client-Port="44992" >
  <step title="ZipPushDeploy" date="2025-11-08T05:10:27.212" >
    <step title="ZipDeploy. Extract zip." date="2025-11-08T05:10:27.220" /><!-- duration: 6ms -->
    <step title="None repository commit" date="2025-11-08T05:10:27.233" >
      <step title="Commit id: a0c3eca9-479c-42b7-9519-2812cc952dc3" date="2025-11-08T05:10:27.236" Message="N/A" AuthorName="N/A" AuthorEmail="N/A" /><!-- duration: 3ms -->
    </step><!-- duration: 9ms -->
    <step title="Starting PushDeployAsync" date="2025-11-08T05:10:27.247" /><!-- duration: 4ms -->
    <step title="Writing artifact to /tmp/zipdeploy/2af2e8de-8c25-4e04-b4a7-163f343e31a0.zip" date="2025-11-08T05:10:27.293" >
      <step title="Writing multipart request body to /tmp/zipdeploy/2af2e8de-8c25-4e04-b4a7-163f343e31a0.zip" date="2025-11-08T05:10:27.299" /><!-- duration: 3ms -->
    </step><!-- duration: 2941ms -->
    <step title="Start deployment in the background" date="2025-11-08T05:10:30.252" >
      <step title="Acquiring Deployment Lock" date="2025-11-08T05:10:30.281" /><!-- duration: 3ms -->
      <step title="Acquired Deployment Lock" date="2025-11-08T05:10:30.336" /><!-- duration: 7ms -->
    </step><!-- duration: 146ms -->
  </step><!-- duration: 3193ms -->
  <step title="Outgoing response" date="2025-11-08T05:10:30.417" type="response" statusCode="202" statusText="Accepted" /><!-- duration: 3ms -->
</step><!-- duration: 3407ms -->
