<step title="Incoming Request" date="2025-10-14T18:09:51.907" instance="00f4b9" url="/api/zipdeploy?author=ms-azuretools-vscode&amp;deployer=ms-azuretools-vscode&amp;isAsync=true&amp;trackDeploymentId=true" method="POST" type="request" pid="821,1,19" Host="counselor-scheduler-123-bjayctaaejfccyas.scm.centralindia-01.azurewebsites.net" User-Agent="vscode-azureappservice/0.26.4 core-rest-pipeline/1.20.0 Node/22.19.0 OS/(x64-Windows_NT-10.0.26100)" Accept-Encoding="gzip,deflate" Accept-Language="en" Authorization="Bea..." Transfer-Encoding="chunked" x-ms-correlation-request-id="18890f12-54be-4631-9717-14479b07d568" x-ms-client-request-id="0ea6cfc9-f8d0-4ec5-ba71-97de02e337ba" X-ARR-LOG-ID="0ea6cfc9-f8d0-4ec5-ba71-97de02e337ba" CLIENT-IP="223.178.87.171:21028" X-SITE-DEPLOYMENT-ID="counselor-scheduler-123" WAS-DEFAULT-HOSTNAME="counselor-scheduler-123-bjayctaaejfccyas.scm.centralindia-01.azurewebsites.net" X-Forwarded-Proto="https" X-AppService-Proto="https" X-Forwarded-TlsVersion="1.3" X-WAWS-Unencoded-URL="/api/zipdeploy?author=ms-azuretools-vscode&amp;deployer=ms-azuretools-vscode&amp;isAsync=true&amp;trackDeploymentId=true" X-Client-IP="223.178.87.171" X-Client-Port="21028" >
  <step title="ZipPushDeploy" date="2025-10-14T18:09:52.256" >
    <step title="ZipDeploy. Extract zip." date="2025-10-14T18:09:52.274" /><!-- duration: 7ms -->
    <step title="None repository commit" date="2025-10-14T18:09:52.347" >
      <step title="Commit id: 74c2fd94-f136-4f98-abad-70d98dddc25d" date="2025-10-14T18:09:52.355" Message="N/A" AuthorName="N/A" AuthorEmail="N/A" /><!-- duration: 9ms -->
    </step><!-- duration: 25ms -->
    <step title="Starting PushDeployAsync" date="2025-10-14T18:09:52.379" /><!-- duration: 5ms -->
    <step title="Writing artifact to /tmp/zipdeploy/1685ea22-9f93-4df4-b537-2a80807a36cd.zip" date="2025-10-14T18:09:52.408" >
      <step title="Writing multipart request body to /tmp/zipdeploy/1685ea22-9f93-4df4-b537-2a80807a36cd.zip" date="2025-10-14T18:09:52.415" /><!-- duration: 11ms -->
    </step><!-- duration: 39ms -->
    <step title="Start deployment in the background" date="2025-10-14T18:09:52.467" >
      <step title="Acquiring Deployment Lock" date="2025-10-14T18:09:52.492" /><!-- duration: 5ms -->
      <step title="Acquired Deployment Lock" date="2025-10-14T18:09:52.553" /><!-- duration: 8ms -->
    </step><!-- duration: 557ms -->
  </step><!-- duration: 787ms -->
  <step title="Outgoing response" date="2025-10-14T18:09:53.066" type="response" statusCode="202" statusText="Accepted" /><!-- duration: 9ms -->
</step><!-- duration: 1176ms -->
