<step title="Incoming Request" date="2025-11-08T14:01:13.300" instance="cbe9e9" url="/api/deployments/latest" method="GET" type="request" pid="831,1,26" Accept="*/*" Host="counselor-scheduler-123-bjayctaaejfccyas.scm.centralindia-01.azurewebsites.net" User-Agent="AZURECLI/2.78.0 (DEB)" Accept-Encoding="gzip, deflate" Authorization="Bea..." x-ms-client-request-id="4b22e142-bcab-11f0-bb73-7c1e5281a39e" X-ARR-LOG-ID="4b22e142-bcab-11f0-bb73-7c1e5281a39e" CLIENT-IP="172.214.45.243:32770" X-SITE-DEPLOYMENT-ID="counselor-scheduler-123" WAS-DEFAULT-HOSTNAME="counselor-scheduler-123-bjayctaaejfccyas.scm.centralindia-01.azurewebsites.net" X-Forwarded-Proto="https" X-AppService-Proto="https" X-Forwarded-TlsVersion="1.3" X-WAWS-Unencoded-URL="/api/deployments/latest" X-Client-IP="172.214.45.243" X-Client-Port="32770" >
  <step title="Cleanup Xml Logs" date="2025-11-08T14:01:13.303" >
    <step title="Cleanup Infos" date="2025-11-08T14:01:13.325" totalFiles="229" totalCleanup="69" /><!-- duration: 5ms -->
  </step><!-- duration: 29ms -->
  <step title="DeploymentService.GetResult" date="2025-11-08T14:01:13.341" >
    <step title="DeploymentService.GetLatestDeployment" date="2025-11-08T14:01:13.345" >
      <step title="DeploymentManager.GetResults" date="2025-11-08T14:01:13.349" /><!-- duration: 478ms -->
    </step><!-- duration: 486ms -->
  </step><!-- duration: 492ms -->
  <step title="Outgoing response" date="2025-11-08T14:01:13.837" type="response" statusCode="202" statusText="Accepted" /><!-- duration: 3ms -->
</step><!-- duration: 547ms -->
