<step title="BackgroundTrace" date="2025-11-08T12:26:41.815" instance="cbe9e9" url="/api/zipdeploy" method="POST" >
  <step title="Cleanup Xml Logs" date="2025-11-08T12:26:41.818" /><!-- duration: 12ms -->
  <step title="Creating temporary deployment - FetchDeploymentManager" date="2025-11-08T12:26:41.875" /><!-- duration: 4ms -->
  <step title="Creating temporary deployment" date="2025-11-08T12:26:41.882" /><!-- duration: 333ms -->
  <step title="Performing fetch based deployment" date="2025-11-08T12:26:42.265" >
    <step title="Cleaning up temp folders from previous zip deployments and extracting pushed zip file /tmp/zipdeploy/73d9ce28-4151-40cd-a436-ec5883d91922.zip (38.39 MB) to /tmp/zipdeploy/extracted" date="2025-11-08T12:26:43.427" >
      <step title="ChmodRecursive Process exited with total time taken in ms: 765" date="2025-11-08T12:27:23.465" /><!-- duration: 7ms -->
    </step><!-- duration: 40050ms -->
    <step title="Deployment timer started" date="2025-11-08T12:27:25.521" >
      <step title="DeploymentManager.Deploy(id:e1e1d181-0200-44e7-b221-b2ba76f69d64)" date="2025-11-08T12:27:25.555" >
        <step title="Collecting changeset information" date="2025-11-08T12:27:25.580" /><!-- duration: 297ms -->
        <step title="Updating submodules" date="2025-11-08T12:27:25.902" /><!-- duration: 1645ms -->
        <step title="Determining deployment builder" date="2025-11-08T12:27:28.050" >
          <step title="Builder is BasicBuilder" date="2025-11-08T12:27:28.104" /><!-- duration: 14ms -->
        </step><!-- duration: 84ms -->
        <step title="PreDeployment: context.CleanOutputPath False" date="2025-11-08T12:27:37.301" >
          <step title="PreDeployment: context.OutputPath /home/site/wwwroot" date="2025-11-08T12:27:38.427" >
            <step title="Building" date="2025-11-08T12:27:39.950" >
              <step title="Executing external process" date="2025-11-08T12:27:43.338" type="process" path="starter.sh" arguments="/opt/Kudu/Scripts/absoluteTar.sh /tmp/zipdeploy/extracted/node_modules /tmp/zipdeploy/extracted/node_modules.tar.gz" >
                <step title="Cpu: gzip(879,16.550s)+sh(878,0.000s)+tar(877,2.920s)+absoluteTar.sh(876,0.050s)=total(19.520s)" date="2025-11-08T12:28:44.258" /><!-- duration: 20ms -->
                <step title="starter.sh: no io activity for 61s, prev-cpu=-1.000s, current-cpu=19.520s" date="2025-11-08T12:28:44.315" /><!-- duration: 23ms -->
              </step><!-- duration: 63791ms -->
              <step title="Executing external process" date="2025-11-08T12:28:47.491" type="process" path="starter.sh" arguments="/opt/Kudu/Scripts/parallel_rsync.sh /tmp/zipdeploy/extracted /home/site/wwwroot 8 /tmp/ False True node_modules " /><!-- duration: 3215ms -->
              <step title="Triggering recycle (preview mode disabled)." date="2025-11-08T12:28:51.388" /><!-- duration: 4ms -->
              <step title="Modified file to trigger a restart of the app container." date="2025-11-08T12:28:51.415" /><!-- duration: 3ms -->
              <step title="Skip function trigger and logicapp sync because function is not enabled." date="2025-11-08T12:28:51.423" /><!-- duration: 3ms -->
            </step><!-- duration: 72425ms -->
          </step><!-- duration: 73959ms -->
          <step title="Cleaning up temp files" date="2025-11-08T12:28:52.391" /><!-- duration: 13ms -->
          <step title="Cleaning up temp files" date="2025-11-08T12:28:52.421" /><!-- duration: 510ms -->
          <step title="Reloading status file with latest updates" date="2025-11-08T12:28:52.968" >
            <step title="WebHooksManager.PublishEventAsync: PostDeployment" date="2025-11-08T12:28:52.974" /><!-- duration: 79ms -->
          </step><!-- duration: 88ms -->
          <step title="Cleaning up temporary deployment - fetch deployment was successful" date="2025-11-08T12:28:53.063" /><!-- duration: 5ms -->
        </step><!-- duration: 75838ms -->
      </step><!-- duration: 87598ms -->
