<step title="Incoming Request" date="2025-10-18T08:18:32.739" instance="6a4473" url="/api/zipdeploy?author=ms-azuretools-vscode&amp;deployer=ms-azuretools-vscode&amp;isAsync=true&amp;trackDeploymentId=true" method="POST" type="request" pid="821,1,5" Host="counselor-scheduler-123-bjayctaaejfccyas.scm.centralindia-01.azurewebsites.net" User-Agent="vscode-azureappservice/0.26.4 core-rest-pipeline/1.20.0 Node/22.19.0 OS/(x64-Windows_NT-10.0.26100)" Accept-Encoding="gzip,deflate" Accept-Language="en" Authorization="Bea..." Transfer-Encoding="chunked" x-ms-correlation-request-id="9b6e8fc4-d638-46ee-9c74-bdfbc0b865ee" x-ms-client-request-id="9da8278e-1e78-4788-8124-d0091d5477b9" X-ARR-LOG-ID="9da8278e-1e78-4788-8124-d0091d5477b9" CLIENT-IP="223.178.86.176:13227" X-SITE-DEPLOYMENT-ID="counselor-scheduler-123" WAS-DEFAULT-HOSTNAME="counselor-scheduler-123-bjayctaaejfccyas.scm.centralindia-01.azurewebsites.net" X-Forwarded-Proto="https" X-AppService-Proto="https" X-Forwarded-TlsVersion="1.3" X-WAWS-Unencoded-URL="/api/zipdeploy?author=ms-azuretools-vscode&amp;deployer=ms-azuretools-vscode&amp;isAsync=true&amp;trackDeploymentId=true" X-Client-IP="223.178.86.176" X-Client-Port="13227" >
  <step title="ZipPushDeploy" date="2025-10-18T08:18:32.806" >
    <step title="ZipDeploy. Extract zip." date="2025-10-18T08:18:32.847" /><!-- duration: 8ms -->
    <step title="None repository commit" date="2025-10-18T08:18:32.871" >
      <step title="Commit id: 37b26a65-e268-4fa5-94fe-2d4e6106acc9" date="2025-10-18T08:18:32.879" Message="N/A" AuthorName="N/A" AuthorEmail="N/A" /><!-- duration: 35ms -->
    </step><!-- duration: 53ms -->
    <step title="Starting PushDeployAsync" date="2025-10-18T08:18:32.932" /><!-- duration: 11ms -->
    <step title="Writing artifact to /tmp/zipdeploy/2cf1ee26-d3b4-4936-adb1-0128ebf0d291.zip" date="2025-10-18T08:18:32.995" >
      <step title="Writing multipart request body to /tmp/zipdeploy/2cf1ee26-d3b4-4936-adb1-0128ebf0d291.zip" date="2025-10-18T08:18:33.003" /><!-- duration: 7ms -->
    </step><!-- duration: 114ms -->
    <step title="Start deployment in the background" date="2025-10-18T08:18:33.131" >
      <step title="Acquiring Deployment Lock" date="2025-10-18T08:18:33.205" /><!-- duration: 7ms -->
      <step title="Acquired Deployment Lock" date="2025-10-18T08:18:33.274" /><!-- duration: 13ms -->
    </step><!-- duration: 294ms -->
  </step><!-- duration: 630ms -->
  <step title="Outgoing response" date="2025-10-18T08:18:33.447" type="response" statusCode="202" statusText="Accepted" /><!-- duration: 23ms -->
</step><!-- duration: 743ms -->
