<step title="Incoming Request" date="2025-11-08T14:00:43.095" instance="cbe9e9" url="/api/zipdeploy?isAsync=true" method="POST" type="request" pid="831,1,30" Accept="*/*" Host="counselor-scheduler-123-bjayctaaejfccyas.scm.centralindia-01.azurewebsites.net" User-Agent="AZURECLI/2.78.0 (DEB)" Accept-Encoding="gzip, deflate" Authorization="Bea..." Cache-Control="no-cache" Content-Type="application/octet-stream" Content-Length="40248843" x-ms-client-request-id="4b22e142-bcab-11f0-bb73-7c1e5281a39e" x-ms-artifact-checksum="83c979eeedc68e6c691fba204a8893c607cc4b4ce479e5804282f934a3704da7" X-ARR-LOG-ID="4b22e142-bcab-11f0-bb73-7c1e5281a39e" CLIENT-IP="172.214.45.243:32768" X-SITE-DEPLOYMENT-ID="counselor-scheduler-123" WAS-DEFAULT-HOSTNAME="counselor-scheduler-123-bjayctaaejfccyas.scm.centralindia-01.azurewebsites.net" X-Forwarded-Proto="https" X-AppService-Proto="https" X-Forwarded-TlsVersion="1.3" X-WAWS-Unencoded-URL="/api/zipdeploy?isAsync=true" X-Client-IP="172.214.45.243" X-Client-Port="32768" >
  <step title="ZipPushDeploy" date="2025-11-08T14:00:44.175" >
    <step title="ZipDeploy. Extract zip." date="2025-11-08T14:00:44.187" /><!-- duration: 5ms -->
    <step title="None repository commit" date="2025-11-08T14:00:44.209" >
      <step title="Commit id: bdce2cba-b47d-433b-ba9e-48e35b71fa60" date="2025-11-08T14:00:44.212" Message="N/A" AuthorName="N/A" AuthorEmail="N/A" /><!-- duration: 3ms -->
    </step><!-- duration: 9ms -->
    <step title="Starting PushDeployAsync" date="2025-11-08T14:00:44.222" /><!-- duration: 3ms -->
    <step title="Removing node_modules symlink" date="2025-11-08T14:00:44.267" >
      <step title="Removing sub node_modules symlink" date="2025-11-08T14:00:44.402" >
        <step title="Writing artifact to /tmp/zipdeploy/ab6d105d-3ab2-4af8-8d28-673e16a52c03.zip" date="2025-11-08T14:00:44.430" >
          <step title="Writing multipart request body to /tmp/zipdeploy/ab6d105d-3ab2-4af8-8d28-673e16a52c03.zip" date="2025-11-08T14:00:44.434" /><!-- duration: 9ms -->
        </step><!-- duration: 1387ms -->
        <step title="Removing previous build artifact&apos;s manifest file" date="2025-11-08T14:00:45.824" >
          <step title="Start deployment in the background" date="2025-11-08T14:00:45.834" >
            <step title="Acquiring Deployment Lock" date="2025-11-08T14:00:45.859" /><!-- duration: 7ms -->
            <step title="Acquired Deployment Lock" date="2025-11-08T14:00:45.938" /><!-- duration: 2ms -->
          </step><!-- duration: 231ms -->
        </step><!-- duration: 252ms -->
        <step title="Outgoing response" date="2025-11-08T14:00:46.088" type="response" statusCode="202" statusText="Accepted" /><!-- duration: 3ms -->
      </step><!-- duration: 1691ms -->
