<step title="Incoming Request" date="2025-11-08T14:12:37.907" instance="cbe9e9" url="/api/zipdeploy?isAsync=true" method="POST" type="request" pid="831,1,23" Accept="*/*" Host="counselor-scheduler-123-bjayctaaejfccyas.scm.centralindia-01.azurewebsites.net" User-Agent="AZURECLI/2.78.0 (DEB)" Accept-Encoding="gzip, deflate" Authorization="Bea..." Cache-Control="no-cache" Content-Type="application/octet-stream" Content-Length="40250682" x-ms-client-request-id="f6164692-bcac-11f0-bb73-000d3a62d5dd" x-ms-artifact-checksum="96dabfe3e3765f741a54e598fb5ed9dfdcb96875d179410d6b82bff188649377" X-ARR-LOG-ID="f6164692-bcac-11f0-bb73-000d3a62d5dd" CLIENT-IP="64.236.169.2:1040" X-SITE-DEPLOYMENT-ID="counselor-scheduler-123" WAS-DEFAULT-HOSTNAME="counselor-scheduler-123-bjayctaaejfccyas.scm.centralindia-01.azurewebsites.net" X-Forwarded-Proto="https" X-AppService-Proto="https" X-Forwarded-TlsVersion="1.3" X-WAWS-Unencoded-URL="/api/zipdeploy?isAsync=true" X-Client-IP="64.236.169.2" X-Client-Port="1040" >
  <step title="ZipPushDeploy" date="2025-11-08T14:12:42.368" >
    <step title="ZipDeploy. Extract zip." date="2025-11-08T14:12:42.383" /><!-- duration: 4ms -->
    <step title="None repository commit" date="2025-11-08T14:12:42.408" >
      <step title="Commit id: 4cedd1a1-0a7f-4a96-9a92-de31645172bb" date="2025-11-08T14:12:42.414" Message="N/A" AuthorName="N/A" AuthorEmail="N/A" /><!-- duration: 3ms -->
    </step><!-- duration: 12ms -->
    <step title="Starting PushDeployAsync" date="2025-11-08T14:12:42.425" /><!-- duration: 3ms -->
    <step title="Removing node_modules symlink" date="2025-11-08T14:12:42.521" >
      <step title="Removing sub node_modules symlink" date="2025-11-08T14:12:44.049" >
        <step title="Writing artifact to /tmp/zipdeploy/a8746234-6e44-438a-9571-3266e3d5b480.zip" date="2025-11-08T14:12:44.644" >
          <step title="Writing multipart request body to /tmp/zipdeploy/a8746234-6e44-438a-9571-3266e3d5b480.zip" date="2025-11-08T14:12:44.884" /><!-- duration: 103ms -->
        </step><!-- duration: 12339ms -->
        <step title="Removing previous build artifact&apos;s manifest file" date="2025-11-08T14:12:57.051" >
          <step title="Start deployment in the background" date="2025-11-08T14:12:57.122" >
            <step title="Acquiring Deployment Lock" date="2025-11-08T14:12:57.367" /><!-- duration: 10ms -->
            <step title="Acquired Deployment Lock" date="2025-11-08T14:12:57.727" /><!-- duration: 38ms -->
          </step><!-- duration: 1194ms -->
        </step><!-- duration: 1330ms -->
        <step title="Outgoing response" date="2025-11-08T14:12:58.503" type="response" statusCode="202" statusText="Accepted" /><!-- duration: 15ms -->
      </step><!-- duration: 14481ms -->
