<step title="Incoming Request" date="2025-10-14T18:11:01.113" instance="00f4b9" url="/api/zipdeploy?author=ms-azuretools-vscode&amp;deployer=ms-azuretools-vscode&amp;isAsync=true&amp;trackDeploymentId=true" method="POST" type="request" pid="821,1,18" Host="counselor-scheduler-123-bjayctaaejfccyas.scm.centralindia-01.azurewebsites.net" User-Agent="vscode-azureappservice/0.26.4 core-rest-pipeline/1.20.0 Node/22.19.0 OS/(x64-Windows_NT-10.0.26100)" Accept-Encoding="gzip,deflate" Accept-Language="en" Authorization="Bea..." Transfer-Encoding="chunked" x-ms-correlation-request-id="c8ab514b-9eee-409f-939c-cfd5f679d452" x-ms-client-request-id="540d03b1-3c6c-47fd-b478-67227787eca3" X-ARR-LOG-ID="540d03b1-3c6c-47fd-b478-67227787eca3" CLIENT-IP="223.178.87.171:6230" X-SITE-DEPLOYMENT-ID="counselor-scheduler-123" WAS-DEFAULT-HOSTNAME="counselor-scheduler-123-bjayctaaejfccyas.scm.centralindia-01.azurewebsites.net" X-Forwarded-Proto="https" X-AppService-Proto="https" X-Forwarded-TlsVersion="1.3" X-WAWS-Unencoded-URL="/api/zipdeploy?author=ms-azuretools-vscode&amp;deployer=ms-azuretools-vscode&amp;isAsync=true&amp;trackDeploymentId=true" X-Client-IP="223.178.87.171" X-Client-Port="6230" >
  <step title="Cleanup Xml Logs" date="2025-10-14T18:11:01.118" /><!-- duration: 14ms -->
  <step title="ZipPushDeploy" date="2025-10-14T18:11:01.796" >
    <step title="ZipDeploy. Extract zip." date="2025-10-14T18:11:01.848" /><!-- duration: 9ms -->
    <step title="Starting PushDeployAsync" date="2025-10-14T18:11:01.871" /><!-- duration: 6ms -->
    <step title="Writing artifact to /tmp/zipdeploy/17c93ffd-a565-4f85-ae03-134a070cd3aa.zip" date="2025-10-14T18:11:01.893" >
      <step title="Writing multipart request body to /tmp/zipdeploy/17c93ffd-a565-4f85-ae03-134a070cd3aa.zip" date="2025-10-14T18:11:01.900" /><!-- duration: 15ms -->
    </step><!-- duration: 294ms -->
    <step title="Start deployment in the background" date="2025-10-14T18:11:02.239" >
      <step title="Acquiring Deployment Lock" date="2025-10-14T18:11:02.274" /><!-- duration: 6ms -->
      <step title="Acquired Deployment Lock" date="2025-10-14T18:11:02.355" /><!-- duration: 8ms -->
    </step><!-- duration: 302ms -->
  </step><!-- duration: 755ms -->
  <step title="Outgoing response" date="2025-10-14T18:11:02.561" type="response" statusCode="202" statusText="Accepted" /><!-- duration: 12ms -->
</step><!-- duration: 1465ms -->
