<step title="Incoming Request" date="2025-11-08T13:46:47.069" instance="cbe9e9" url="/api/zipdeploy?isAsync=true" method="POST" type="request" pid="831,1,6" Accept="*/*" Host="counselor-scheduler-123-bjayctaaejfccyas.scm.centralindia-01.azurewebsites.net" User-Agent="AZURECLI/2.78.0 (DEB)" Accept-Encoding="gzip, deflate" Authorization="Bea..." Cache-Control="no-cache" Content-Type="application/octet-stream" Content-Length="40248822" x-ms-client-request-id="52d6a600-bca9-11f0-bb73-7ced8d8209ad" x-ms-artifact-checksum="3bf347b91fdde8c3bfc8e1d8112cc590c662bd86f8593c3904b556d5bd3b493f" X-ARR-LOG-ID="52d6a600-bca9-11f0-bb73-7ced8d8209ad" CLIENT-IP="57.151.137.213:13312" X-SITE-DEPLOYMENT-ID="counselor-scheduler-123" WAS-DEFAULT-HOSTNAME="counselor-scheduler-123-bjayctaaejfccyas.scm.centralindia-01.azurewebsites.net" X-Forwarded-Proto="https" X-AppService-Proto="https" X-Forwarded-TlsVersion="1.3" X-WAWS-Unencoded-URL="/api/zipdeploy?isAsync=true" X-Client-IP="57.151.137.213" X-Client-Port="13312" >
  <step title="ZipPushDeploy" date="2025-11-08T13:46:47.235" >
    <step title="ZipDeploy. Extract zip." date="2025-11-08T13:46:47.239" /><!-- duration: 3ms -->
    <step title="None repository commit" date="2025-11-08T13:46:47.246" >
      <step title="Commit id: a4a24673-4aab-465a-84f4-77f0e8c95869" date="2025-11-08T13:46:47.249" Message="N/A" AuthorName="N/A" AuthorEmail="N/A" /><!-- duration: 2ms -->
    </step><!-- duration: 6ms -->
    <step title="Starting PushDeployAsync" date="2025-11-08T13:46:47.255" /><!-- duration: 3ms -->
    <step title="Removing node_modules symlink" date="2025-11-08T13:46:47.269" >
      <step title="Removing sub node_modules symlink" date="2025-11-08T13:46:47.343" >
        <step title="Writing artifact to /tmp/zipdeploy/8e0fd6a2-c124-4ebc-aec6-3bf60ae6577c.zip" date="2025-11-08T13:46:47.358" >
          <step title="Writing multipart request body to /tmp/zipdeploy/8e0fd6a2-c124-4ebc-aec6-3bf60ae6577c.zip" date="2025-11-08T13:46:47.360" /><!-- duration: 4ms -->
        </step><!-- duration: 6327ms -->
        <step title="Removing previous build artifact&apos;s manifest file" date="2025-11-08T13:46:53.697" >
          <step title="Start deployment in the background" date="2025-11-08T13:46:53.720" >
            <step title="Acquiring Deployment Lock" date="2025-11-08T13:46:53.748" /><!-- duration: 4ms -->
            <step title="Acquired Deployment Lock" date="2025-11-08T13:46:53.780" /><!-- duration: 2ms -->
          </step><!-- duration: 471ms -->
        </step><!-- duration: 500ms -->
        <step title="Outgoing response" date="2025-11-08T13:46:54.213" type="response" statusCode="202" statusText="Accepted" /><!-- duration: 4ms -->
      </step><!-- duration: 6881ms -->
