<step title="Incoming Request" date="2025-11-08T13:47:56.126" instance="cbe9e9" url="/api/deployments/latest" method="GET" type="request" pid="831,1,6" Accept="*/*" Host="counselor-scheduler-123-bjayctaaejfccyas.scm.centralindia-01.azurewebsites.net" User-Agent="AZURECLI/2.78.0 (DEB)" Accept-Encoding="gzip, deflate" Authorization="Bea..." x-ms-client-request-id="52d6a600-bca9-11f0-bb73-7ced8d8209ad" X-ARR-LOG-ID="52d6a600-bca9-11f0-bb73-7ced8d8209ad" CLIENT-IP="57.151.137.213:13315" X-SITE-DEPLOYMENT-ID="counselor-scheduler-123" WAS-DEFAULT-HOSTNAME="counselor-scheduler-123-bjayctaaejfccyas.scm.centralindia-01.azurewebsites.net" X-Forwarded-Proto="https" X-AppService-Proto="https" X-Forwarded-TlsVersion="1.3" X-WAWS-Unencoded-URL="/api/deployments/latest" X-Client-IP="57.151.137.213" X-Client-Port="13315" >
  <step title="Cleanup Xml Logs" date="2025-11-08T13:47:56.136" >
    <step title="Cleanup Infos" date="2025-11-08T13:47:56.171" totalFiles="214" totalCleanup="54" /><!-- duration: 8ms -->
  </step><!-- duration: 48ms -->
  <step title="DeploymentService.GetResult" date="2025-11-08T13:47:56.195" >
    <step title="DeploymentService.GetLatestDeployment" date="2025-11-08T13:47:56.206" >
      <step title="DeploymentManager.GetResults" date="2025-11-08T13:47:56.209" /><!-- duration: 486ms -->
    </step><!-- duration: 492ms -->
  </step><!-- duration: 510ms -->
  <step title="Outgoing response" date="2025-11-08T13:47:56.716" type="response" statusCode="202" statusText="Accepted" /><!-- duration: 18ms -->
</step><!-- duration: 611ms -->
