<step title="BackgroundTrace" date="2025-11-08T13:30:20.600" instance="cbe9e9" url="/api/zipdeploy" method="POST" >
  <step title="Cleanup Xml Logs" date="2025-11-08T13:30:20.607" /><!-- duration: 9ms -->
  <step title="Creating temporary deployment - FetchDeploymentManager" date="2025-11-08T13:30:20.666" /><!-- duration: 4ms -->
  <step title="Creating temporary deployment" date="2025-11-08T13:30:20.673" /><!-- duration: 42ms -->
  <step title="Performing fetch based deployment" date="2025-11-08T13:30:20.767" >
    <step title="Cleaning up temp folders from previous zip deployments and extracting pushed zip file /tmp/zipdeploy/51546bb0-b24f-4019-88d2-62d169ed6de3.zip (38.38 MB) to /tmp/zipdeploy/extracted" date="2025-11-08T13:30:21.980" >
      <step title="ChmodRecursive Process exited with total time taken in ms: 367" date="2025-11-08T13:30:45.045" /><!-- duration: 4ms -->
    </step><!-- duration: 23072ms -->
    <step title="Deployment timer started" date="2025-11-08T13:30:47.060" >
      <step title="DeploymentManager.Deploy(id:171edc4b-9d4a-459d-9a10-c5e487c4fd60)" date="2025-11-08T13:30:47.069" >
        <step title="Collecting changeset information" date="2025-11-08T13:30:47.079" /><!-- duration: 81ms -->
        <step title="Updating submodules" date="2025-11-08T13:30:47.165" /><!-- duration: 1127ms -->
        <step title="Determining deployment builder" date="2025-11-08T13:30:48.557" >
          <step title="Builder is BasicBuilder" date="2025-11-08T13:30:48.569" /><!-- duration: 3ms -->
        </step><!-- duration: 21ms -->
        <step title="PreDeployment: context.CleanOutputPath False" date="2025-11-08T13:30:48.634" >
          <step title="PreDeployment: context.OutputPath /home/site/wwwroot" date="2025-11-08T13:30:49.063" >
            <step title="Building" date="2025-11-08T13:30:49.196" >
              <step title="Executing external process" date="2025-11-08T13:30:49.684" type="process" path="starter.sh" arguments="/opt/Kudu/Scripts/absoluteTar.sh /tmp/zipdeploy/extracted/node_modules /tmp/zipdeploy/extracted/node_modules.tar.gz" /><!-- duration: 5382ms -->
              <step title="Executing external process" date="2025-11-08T13:30:55.494" type="process" path="starter.sh" arguments="/opt/Kudu/Scripts/parallel_rsync.sh /tmp/zipdeploy/extracted /home/site/wwwroot 8 /tmp/ False True node_modules " /><!-- duration: 3438ms -->
              <step title="Triggering recycle (preview mode disabled)." date="2025-11-08T13:30:59.503" /><!-- duration: 6ms -->
              <step title="Modified file to trigger a restart of the app container." date="2025-11-08T13:30:59.561" /><!-- duration: 2ms -->
              <step title="Skip function trigger and logicapp sync because function is not enabled." date="2025-11-08T13:30:59.567" /><!-- duration: 3ms -->
            </step><!-- duration: 11275ms -->
          </step><!-- duration: 11413ms -->
          <step title="Cleaning up temp files" date="2025-11-08T13:31:00.479" /><!-- duration: 4ms -->
          <step title="Cleaning up temp files" date="2025-11-08T13:31:00.485" /><!-- duration: 504ms -->
          <step title="Reloading status file with latest updates" date="2025-11-08T13:31:01.026" >
            <step title="WebHooksManager.PublishEventAsync: PostDeployment" date="2025-11-08T13:31:01.030" /><!-- duration: 49ms -->
          </step><!-- duration: 57ms -->
          <step title="Cleaning up temporary deployment - fetch deployment was successful" date="2025-11-08T13:31:01.087" /><!-- duration: 3ms -->
        </step><!-- duration: 12544ms -->
      </step><!-- duration: 14122ms -->
