<step title="Incoming Request" date="2025-11-08T12:26:37.863" instance="cbe9e9" url="/api/zipdeploy?isAsync=true" method="POST" type="request" pid="831,1,5" Accept="*/*" Host="counselor-scheduler-123-bjayctaaejfccyas.scm.centralindia-01.azurewebsites.net" User-Agent="AZURECLI/2.78.0 (DEB)" Accept-Encoding="gzip, deflate" Authorization="Bea..." Cache-Control="no-cache" Content-Type="application/octet-stream" Content-Length="40251585" x-ms-client-request-id="19edd418-bc9e-11f0-bb73-6045bd499286" x-ms-artifact-checksum="b36863888bcbde2cc1172ece764bf273e397309425070f5c7c2c5889ef66799a" X-ARR-LOG-ID="19edd418-bc9e-11f0-bb73-6045bd499286" CLIENT-IP="64.236.133.99:20480" X-SITE-DEPLOYMENT-ID="counselor-scheduler-123" WAS-DEFAULT-HOSTNAME="counselor-scheduler-123-bjayctaaejfccyas.scm.centralindia-01.azurewebsites.net" X-Forwarded-Proto="https" X-AppService-Proto="https" X-Forwarded-TlsVersion="1.3" X-WAWS-Unencoded-URL="/api/zipdeploy?isAsync=true" X-Client-IP="64.236.133.99" X-Client-Port="20480" >
  <step title="ZipPushDeploy" date="2025-11-08T12:26:38.368" >
    <step title="ZipDeploy. Extract zip." date="2025-11-08T12:26:38.385" /><!-- duration: 5ms -->
    <step title="None repository commit" date="2025-11-08T12:26:38.397" >
      <step title="Commit id: e1e1d181-0200-44e7-b221-b2ba76f69d64" date="2025-11-08T12:26:38.401" Message="N/A" AuthorName="N/A" AuthorEmail="N/A" /><!-- duration: 4ms -->
    </step><!-- duration: 12ms -->
    <step title="Starting PushDeployAsync" date="2025-11-08T12:26:38.414" /><!-- duration: 4ms -->
    <step title="Removing node_modules symlink" date="2025-11-08T12:26:38.435" >
      <step title="Removing sub node_modules symlink" date="2025-11-08T12:26:38.692" >
        <step title="Writing artifact to /tmp/zipdeploy/73d9ce28-4151-40cd-a436-ec5883d91922.zip" date="2025-11-08T12:26:38.715" >
          <step title="Writing multipart request body to /tmp/zipdeploy/73d9ce28-4151-40cd-a436-ec5883d91922.zip" date="2025-11-08T12:26:38.719" /><!-- duration: 3ms -->
        </step><!-- duration: 3076ms -->
        <step title="Removing previous build artifact&apos;s manifest file" date="2025-11-08T12:26:41.800" >
          <step title="Start deployment in the background" date="2025-11-08T12:26:41.811" >
            <step title="Acquiring Deployment Lock" date="2025-11-08T12:26:41.836" /><!-- duration: 5ms -->
            <step title="Acquired Deployment Lock" date="2025-11-08T12:26:41.868" /><!-- duration: 4ms -->
          </step><!-- duration: 409ms -->
        </step><!-- duration: 434ms -->
        <step title="Outgoing response" date="2025-11-08T12:26:42.245" type="response" statusCode="202" statusText="Accepted" /><!-- duration: 4ms -->
      </step><!-- duration: 3564ms -->
