<step title="Incoming Request" date="2025-10-19T13:08:28.927" instance="00f4b9" url="/api/zipdeploy?author=ms-azuretools-vscode&amp;deployer=ms-azuretools-vscode&amp;isAsync=true&amp;trackDeploymentId=true" method="POST" type="request" pid="821,1,7" Host="counselor-scheduler-123-bjayctaaejfccyas.scm.centralindia-01.azurewebsites.net" User-Agent="vscode-azureappservice/0.26.4 core-rest-pipeline/1.20.0 Node/22.19.0 OS/(x64-Windows_NT-10.0.26100)" Accept-Encoding="gzip,deflate" Accept-Language="en" Authorization="Bea..." Transfer-Encoding="chunked" x-ms-correlation-request-id="5d8805b1-67ed-42d8-ae90-80574db430e3" x-ms-client-request-id="798e7043-3a88-4b6b-9d00-aba12814d3e6" X-ARR-LOG-ID="798e7043-3a88-4b6b-9d00-aba12814d3e6" CLIENT-IP="223.178.87.209:2221" X-SITE-DEPLOYMENT-ID="counselor-scheduler-123" WAS-DEFAULT-HOSTNAME="counselor-scheduler-123-bjayctaaejfccyas.scm.centralindia-01.azurewebsites.net" X-Forwarded-Proto="https" X-AppService-Proto="https" X-Forwarded-TlsVersion="1.3" X-WAWS-Unencoded-URL="/api/zipdeploy?author=ms-azuretools-vscode&amp;deployer=ms-azuretools-vscode&amp;isAsync=true&amp;trackDeploymentId=true" X-Client-IP="223.178.87.209" X-Client-Port="2221" >
  <step title="ZipPushDeploy" date="2025-10-19T13:08:29.348" >
    <step title="ZipDeploy. Extract zip." date="2025-10-19T13:08:29.365" /><!-- duration: 6ms -->
    <step title="None repository commit" date="2025-10-19T13:08:29.381" >
      <step title="Commit id: bd374820-f623-4da8-8ad2-a3bf825cb2ba" date="2025-10-19T13:08:29.388" Message="N/A" AuthorName="N/A" AuthorEmail="N/A" /><!-- duration: 12ms -->
    </step><!-- duration: 45ms -->
    <step title="Starting PushDeployAsync" date="2025-10-19T13:08:29.433" /><!-- duration: 8ms -->
    <step title="Writing artifact to /tmp/zipdeploy/71042378-6a79-4f93-8cee-98503c6b73a0.zip" date="2025-10-19T13:08:29.471" >
      <step title="Writing multipart request body to /tmp/zipdeploy/71042378-6a79-4f93-8cee-98503c6b73a0.zip" date="2025-10-19T13:08:29.478" /><!-- duration: 6ms -->
    </step><!-- duration: 27ms -->
    <step title="Start deployment in the background" date="2025-10-19T13:08:29.518" >
      <step title="Acquiring Deployment Lock" date="2025-10-19T13:08:29.548" /><!-- duration: 6ms -->
      <step title="Acquired Deployment Lock" date="2025-10-19T13:08:29.608" /><!-- duration: 8ms -->
    </step><!-- duration: 204ms -->
  </step><!-- duration: 382ms -->
  <step title="Outgoing response" date="2025-10-19T13:08:29.744" type="response" statusCode="202" statusText="Accepted" /><!-- duration: 10ms -->
</step><!-- duration: 834ms -->
