<step title="BackgroundTrace" date="2025-11-08T13:46:53.724" instance="cbe9e9" url="/api/zipdeploy" method="POST" >
  <step title="Cleanup Xml Logs" date="2025-11-08T13:46:53.727" >
    <step title="Cleanup Infos" date="2025-11-08T13:46:53.736" totalFiles="202" totalCleanup="42" /><!-- duration: 4ms -->
  </step><!-- duration: 16ms -->
  <step title="Creating temporary deployment - FetchDeploymentManager" date="2025-11-08T13:46:53.784" /><!-- duration: 3ms -->
  <step title="Creating temporary deployment" date="2025-11-08T13:46:53.795" /><!-- duration: 392ms -->
  <step title="Performing fetch based deployment" date="2025-11-08T13:46:54.237" >
    <step title="Cleaning up temp folders from previous zip deployments and extracting pushed zip file /tmp/zipdeploy/8e0fd6a2-c124-4ebc-aec6-3bf60ae6577c.zip (38.38 MB) to /tmp/zipdeploy/extracted" date="2025-11-08T13:46:55.394" >
      <step title="ChmodRecursive Process exited with total time taken in ms: 114" date="2025-11-08T13:47:54.330" /><!-- duration: 6ms -->
    </step><!-- duration: 58948ms -->
    <step title="Deployment timer started" date="2025-11-08T13:47:56.365" >
      <step title="DeploymentManager.Deploy(id:a4a24673-4aab-465a-84f4-77f0e8c95869)" date="2025-11-08T13:47:56.369" >
        <step title="Collecting changeset information" date="2025-11-08T13:47:56.392" /><!-- duration: 479ms -->
        <step title="Updating submodules" date="2025-11-08T13:47:56.879" /><!-- duration: 1177ms -->
        <step title="Determining deployment builder" date="2025-11-08T13:47:58.463" >
          <step title="Builder is BasicBuilder" date="2025-11-08T13:47:58.533" /><!-- duration: 13ms -->
        </step><!-- duration: 98ms -->
        <step title="PreDeployment: context.CleanOutputPath False" date="2025-11-08T13:47:58.662" >
          <step title="PreDeployment: context.OutputPath /home/site/wwwroot" date="2025-11-08T13:47:58.858" >
            <step title="Building" date="2025-11-08T13:47:59.047" >
              <step title="Executing external process" date="2025-11-08T13:48:00.478" type="process" path="starter.sh" arguments="/opt/Kudu/Scripts/absoluteTar.sh /tmp/zipdeploy/extracted/node_modules /tmp/zipdeploy/extracted/node_modules.tar.gz" /><!-- duration: 50268ms -->
              <step title="Executing external process" date="2025-11-08T13:48:51.004" type="process" path="starter.sh" arguments="/opt/Kudu/Scripts/parallel_rsync.sh /tmp/zipdeploy/extracted /home/site/wwwroot 8 /tmp/ False True node_modules " /><!-- duration: 2404ms -->
              <step title="Triggering recycle (preview mode disabled)." date="2025-11-08T13:48:54.025" /><!-- duration: 10ms -->
              <step title="Modified file to trigger a restart of the app container." date="2025-11-08T13:48:54.054" /><!-- duration: 5ms -->
              <step title="Skip function trigger and logicapp sync because function is not enabled." date="2025-11-08T13:48:54.063" /><!-- duration: 8ms -->
            </step><!-- duration: 55884ms -->
          </step><!-- duration: 56080ms -->
          <step title="Cleaning up temp files" date="2025-11-08T13:48:54.941" /><!-- duration: 5ms -->
          <step title="Cleaning up temp files" date="2025-11-08T13:48:54.949" /><!-- duration: 503ms -->
          <step title="Reloading status file with latest updates" date="2025-11-08T13:48:55.492" >
            <step title="WebHooksManager.PublishEventAsync: PostDeployment" date="2025-11-08T13:48:55.496" /><!-- duration: 46ms -->
          </step><!-- duration: 55ms -->
          <step title="Cleaning up temporary deployment - fetch deployment was successful" date="2025-11-08T13:48:55.554" /><!-- duration: 3ms -->
        </step><!-- duration: 56958ms -->
      </step><!-- duration: 59263ms -->
