<step title="Incoming Request" date="2025-11-08T14:13:05.047" instance="cbe9e9" url="/api/deployments/latest" method="GET" type="request" pid="831,1,21" Accept="*/*" Host="counselor-scheduler-123-bjayctaaejfccyas.scm.centralindia-01.azurewebsites.net" User-Agent="AZURECLI/2.78.0 (DEB)" Accept-Encoding="gzip, deflate" Authorization="Bea..." x-ms-client-request-id="f6164692-bcac-11f0-bb73-000d3a62d5dd" X-ARR-LOG-ID="f6164692-bcac-11f0-bb73-000d3a62d5dd" CLIENT-IP="64.236.169.2:1041" X-SITE-DEPLOYMENT-ID="counselor-scheduler-123" WAS-DEFAULT-HOSTNAME="counselor-scheduler-123-bjayctaaejfccyas.scm.centralindia-01.azurewebsites.net" X-Forwarded-Proto="https" X-AppService-Proto="https" X-Forwarded-TlsVersion="1.3" X-WAWS-Unencoded-URL="/api/deployments/latest" X-Client-IP="64.236.169.2" X-Client-Port="1041" >
  <step title="Cleanup Xml Logs" date="2025-11-08T14:13:05.068" >
    <step title="Cleanup Infos" date="2025-11-08T14:13:05.095" totalFiles="237" totalCleanup="77" /><!-- duration: 55ms -->
  </step><!-- duration: 725ms -->
  <step title="DeploymentService.GetResult" date="2025-11-08T14:13:07.234" >
    <step title="DeploymentService.GetLatestDeployment" date="2025-11-08T14:13:07.265" >
      <step title="DeploymentManager.GetResults" date="2025-11-08T14:13:07.322" /><!-- duration: 3051ms -->
    </step><!-- duration: 3255ms -->
  </step><!-- duration: 3318ms -->
  <step title="Outgoing response" date="2025-11-08T14:13:11.688" type="response" statusCode="202" statusText="Accepted" /><!-- duration: 48ms -->
</step><!-- duration: 6710ms -->
