<step title="BackgroundTrace" date="2025-11-08T05:10:30.256" instance="9be4b8" url="/api/zipdeploy" method="POST" >
  <step title="Cleanup Xml Logs" date="2025-11-08T05:10:30.260" /><!-- duration: 12ms -->
  <step title="Creating temporary deployment - FetchDeploymentManager" date="2025-11-08T05:10:30.346" /><!-- duration: 3ms -->
  <step title="Creating temporary deployment" date="2025-11-08T05:10:30.353" /><!-- duration: 42ms -->
  <step title="Performing fetch based deployment" date="2025-11-08T05:10:30.439" >
    <step title="Cleaning up temp folders from previous zip deployments and extracting pushed zip file /tmp/zipdeploy/2af2e8de-8c25-4e04-b4a7-163f343e31a0.zip (38.39 MB) to /tmp/zipdeploy/extracted" date="2025-11-08T05:10:31.585" >
      <step title="ChmodRecursive Process exited with total time taken in ms: 635" date="2025-11-08T05:10:53.654" /><!-- duration: 7ms -->
    </step><!-- duration: 22080ms -->
    <step title="Deployment timer started" date="2025-11-08T05:10:55.680" >
      <step title="DeploymentManager.Deploy(id:a0c3eca9-479c-42b7-9519-2812cc952dc3)" date="2025-11-08T05:10:55.683" >
        <step title="Collecting changeset information" date="2025-11-08T05:10:55.697" /><!-- duration: 127ms -->
        <step title="Updating submodules" date="2025-11-08T05:10:55.828" /><!-- duration: 1123ms -->
        <step title="Determining deployment builder" date="2025-11-08T05:10:57.181" >
          <step title="Builder is BasicBuilder" date="2025-11-08T05:10:57.190" /><!-- duration: 4ms -->
        </step><!-- duration: 17ms -->
        <step title="PreDeployment: context.CleanOutputPath False" date="2025-11-08T05:11:00.025" >
          <step title="PreDeployment: context.OutputPath /home/site/wwwroot" date="2025-11-08T05:11:00.149" >
            <step title="Building" date="2025-11-08T05:11:00.277" >
              <step title="Executing external process" date="2025-11-08T05:11:00.883" type="process" path="starter.sh" arguments="/opt/Kudu/Scripts/absoluteTar.sh /tmp/zipdeploy/extracted/node_modules /tmp/zipdeploy/extracted/node_modules.tar.gz" /><!-- duration: 16323ms -->
              <step title="Executing external process" date="2025-11-08T05:11:17.442" type="process" path="starter.sh" arguments="/opt/Kudu/Scripts/parallel_rsync.sh /tmp/zipdeploy/extracted /home/site/wwwroot 8 /tmp/ False True node_modules " /><!-- duration: 2347ms -->
              <step title="Triggering recycle (preview mode disabled)." date="2025-11-08T05:11:20.474" /><!-- duration: 3ms -->
              <step title="Modified file to trigger a restart of the app container." date="2025-11-08T05:11:20.497" /><!-- duration: 6ms -->
              <step title="Skip function trigger and logicapp sync because function is not enabled." date="2025-11-08T05:11:20.506" /><!-- duration: 2ms -->
              <step title="Purge deployment items" date="2025-11-08T05:11:21.353" >
                <step title="Remove 68471cef-, Failed, received at 11/07/2025 19:09:12" date="2025-11-08T05:11:21.411" /><!-- duration: 2ms -->
                <step title="Remove temp-88b2, Failed, received at 11/07/2025 19:07:15" date="2025-11-08T05:11:21.465" /><!-- duration: 2ms -->
              </step><!-- duration: 117ms -->
            </step><!-- duration: 21267ms -->
          </step><!-- duration: 21402ms -->
          <step title="Cleaning up temp files" date="2025-11-08T05:11:21.554" /><!-- duration: 3ms -->
          <step title="Cleaning up temp files" date="2025-11-08T05:11:21.563" /><!-- duration: 504ms -->
          <step title="Reloading status file with latest updates" date="2025-11-08T05:11:22.117" >
            <step title="WebHooksManager.PublishEventAsync: PostDeployment" date="2025-11-08T05:11:22.121" /><!-- duration: 46ms -->
          </step><!-- duration: 53ms -->
          <step title="Cleaning up temporary deployment - fetch deployment was successful" date="2025-11-08T05:11:22.175" /><!-- duration: 3ms -->
        </step><!-- duration: 22215ms -->
      </step><!-- duration: 26573ms -->
