<step title="Incoming Request" date="2025-11-08T14:13:51.627" instance="cbe9e9" url="/api/deployments/latest" method="GET" type="request" pid="831,1,25" Accept="*/*" Host="counselor-scheduler-123-bjayctaaejfccyas.scm.centralindia-01.azurewebsites.net" User-Agent="AZURECLI/2.78.0 (DEB)" Accept-Encoding="gzip, deflate" Authorization="Bea..." x-ms-client-request-id="f6164692-bcac-11f0-bb73-000d3a62d5dd" X-ARR-LOG-ID="f6164692-bcac-11f0-bb73-000d3a62d5dd" CLIENT-IP="64.236.169.2:1043" X-SITE-DEPLOYMENT-ID="counselor-scheduler-123" WAS-DEFAULT-HOSTNAME="counselor-scheduler-123-bjayctaaejfccyas.scm.centralindia-01.azurewebsites.net" X-Forwarded-Proto="https" X-AppService-Proto="https" X-Forwarded-TlsVersion="1.3" X-WAWS-Unencoded-URL="/api/deployments/latest" X-Client-IP="64.236.169.2" X-Client-Port="1043" >
  <step title="Cleanup Xml Logs" date="2025-11-08T14:13:51.633" >
    <step title="Cleanup Infos" date="2025-11-08T14:13:51.647" totalFiles="243" totalCleanup="83" /><!-- duration: 6ms -->
  </step><!-- duration: 25ms -->
  <step title="DeploymentService.GetResult" date="2025-11-08T14:13:51.674" >
    <step title="DeploymentService.GetLatestDeployment" date="2025-11-08T14:13:51.678" >
      <step title="DeploymentManager.GetResults" date="2025-11-08T14:13:51.682" /><!-- duration: 541ms -->
    </step><!-- duration: 547ms -->
  </step><!-- duration: 559ms -->
  <step title="Outgoing response" date="2025-11-08T14:13:52.240" type="response" statusCode="202" statusText="Accepted" /><!-- duration: 4ms -->
</step><!-- duration: 621ms -->
