<step title="Incoming Request" date="2025-11-07T18:24:32.360" instance="e3848c" url="/api/zipdeploy?isAsync=true" method="POST" type="request" pid="831,1,82" Accept="*/*" Host="counselor-scheduler-123-bjayctaaejfccyas.scm.centralindia-01.azurewebsites.net" User-Agent="AZURECLI/2.78.0 (DEB)" Accept-Encoding="gzip, deflate" Authorization="Bea..." Cache-Control="no-cache" Content-Type="application/octet-stream" Content-Length="40335469" x-ms-client-request-id="f70c2ffe-bc06-11f0-bb73-7ced8d6fd809" x-ms-artifact-checksum="65e1cddbd8a3f754076c4b9d2aadd22b5f8b4e0957257717725f1ab935cdc0fe" X-ARR-LOG-ID="f70c2ffe-bc06-11f0-bb73-7ced8d6fd809" CLIENT-IP="52.225.29.4:52256" X-SITE-DEPLOYMENT-ID="counselor-scheduler-123" WAS-DEFAULT-HOSTNAME="counselor-scheduler-123-bjayctaaejfccyas.scm.centralindia-01.azurewebsites.net" X-Forwarded-Proto="https" X-AppService-Proto="https" X-Forwarded-TlsVersion="1.3" X-WAWS-Unencoded-URL="/api/zipdeploy?isAsync=true" X-Client-IP="52.225.29.4" X-Client-Port="52256" >
  <step title="ZipPushDeploy" date="2025-11-07T18:24:35.746" >
    <step title="ZipDeploy. Extract zip." date="2025-11-07T18:24:35.776" /><!-- duration: 3ms -->
    <step title="None repository commit" date="2025-11-07T18:24:35.794" >
      <step title="Commit id: e60a312f-4a6a-4bc0-adae-8defd24336d0" date="2025-11-07T18:24:35.799" Message="N/A" AuthorName="N/A" AuthorEmail="N/A" /><!-- duration: 3ms -->
    </step><!-- duration: 14ms -->
    <step title="Starting PushDeployAsync" date="2025-11-07T18:24:35.813" /><!-- duration: 9ms -->
    <step title="Writing artifact to /tmp/zipdeploy/b1bb8443-86a1-46e7-aaec-c337fb53eb78.zip" date="2025-11-07T18:24:35.929" >
      <step title="Writing multipart request body to /tmp/zipdeploy/b1bb8443-86a1-46e7-aaec-c337fb53eb78.zip" date="2025-11-07T18:24:35.933" /><!-- duration: 3ms -->
    </step><!-- duration: 3857ms -->
    <step title="Start deployment in the background" date="2025-11-07T18:24:39.806" >
      <step title="Acquiring Deployment Lock" date="2025-11-07T18:24:39.884" /><!-- duration: 7ms -->
      <step title="Acquired Deployment Lock" date="2025-11-07T18:24:40.043" /><!-- duration: 6ms -->
    </step><!-- duration: 467ms -->
  </step><!-- duration: 4582ms -->
  <step title="Outgoing response" date="2025-11-07T18:24:40.377" type="response" statusCode="202" statusText="Accepted" /><!-- duration: 3ms -->
</step><!-- duration: 8024ms -->
