<step title="Incoming Request" date="2025-10-14T18:15:34.253" instance="00f4b9" url="/api/zipdeploy?author=ms-azuretools-vscode&amp;deployer=ms-azuretools-vscode&amp;isAsync=true&amp;trackDeploymentId=true" method="POST" type="request" pid="823,1,15" Host="counselor-scheduler-123-bjayctaaejfccyas.scm.centralindia-01.azurewebsites.net" User-Agent="vscode-azureappservice/0.26.4 core-rest-pipeline/1.20.0 Node/22.19.0 OS/(x64-Windows_NT-10.0.26100)" Accept-Encoding="gzip,deflate" Accept-Language="en" Authorization="Bea..." Transfer-Encoding="chunked" x-ms-correlation-request-id="b2db2cf3-62bb-40f0-bea7-a99f44fb5d4e" x-ms-client-request-id="4d1b8168-3365-471a-8b54-a6e673813e75" X-ARR-LOG-ID="4d1b8168-3365-471a-8b54-a6e673813e75" CLIENT-IP="223.178.87.171:29574" X-SITE-DEPLOYMENT-ID="counselor-scheduler-123" WAS-DEFAULT-HOSTNAME="counselor-scheduler-123-bjayctaaejfccyas.scm.centralindia-01.azurewebsites.net" X-Forwarded-Proto="https" X-AppService-Proto="https" X-Forwarded-TlsVersion="1.3" X-WAWS-Unencoded-URL="/api/zipdeploy?author=ms-azuretools-vscode&amp;deployer=ms-azuretools-vscode&amp;isAsync=true&amp;trackDeploymentId=true" X-Client-IP="223.178.87.171" X-Client-Port="29574" >
  <step title="ZipPushDeploy" date="2025-10-14T18:15:34.535" >
    <step title="ZipDeploy. Extract zip." date="2025-10-14T18:15:34.554" /><!-- duration: 8ms -->
    <step title="None repository commit" date="2025-10-14T18:15:34.576" >
      <step title="Commit id: fb01f257-0acc-4d7e-8ecd-20bf9319212b" date="2025-10-14T18:15:34.583" Message="N/A" AuthorName="N/A" AuthorEmail="N/A" /><!-- duration: 8ms -->
    </step><!-- duration: 21ms -->
    <step title="Starting PushDeployAsync" date="2025-10-14T18:15:34.605" /><!-- duration: 10ms -->
    <step title="Writing artifact to /tmp/zipdeploy/914a2100-57fd-4e44-89b5-e206a562fa1b.zip" date="2025-10-14T18:15:34.651" >
      <step title="Writing multipart request body to /tmp/zipdeploy/914a2100-57fd-4e44-89b5-e206a562fa1b.zip" date="2025-10-14T18:15:34.658" /><!-- duration: 19ms -->
    </step><!-- duration: 52ms -->
    <step title="Start deployment in the background" date="2025-10-14T18:15:34.744" >
      <step title="Acquiring Deployment Lock" date="2025-10-14T18:15:34.773" /><!-- duration: 11ms -->
      <step title="Acquired Deployment Lock" date="2025-10-14T18:15:34.849" /><!-- duration: 9ms -->
    </step><!-- duration: 250ms -->
  </step><!-- duration: 474ms -->
  <step title="Outgoing response" date="2025-10-14T18:15:35.027" type="response" statusCode="202" statusText="Accepted" /><!-- duration: 12ms -->
</step><!-- duration: 792ms -->
