<step title="BackgroundTrace" date="2025-11-07T18:24:39.810" instance="e3848c" url="/api/zipdeploy" method="POST" >
  <step title="Cleanup Xml Logs" date="2025-11-07T18:24:39.821" /><!-- duration: 36ms -->
  <step title="Creating temporary deployment - FetchDeploymentManager" date="2025-11-07T18:24:40.051" /><!-- duration: 3ms -->
  <step title="Creating temporary deployment" date="2025-11-07T18:24:40.061" /><!-- duration: 209ms -->
  <step title="Performing fetch based deployment" date="2025-11-07T18:24:40.404" >
    <step title="Cleaning up temp folders from previous zip deployments and extracting pushed zip file /tmp/zipdeploy/b1bb8443-86a1-46e7-aaec-c337fb53eb78.zip (38.47 MB) to /tmp/zipdeploy/extracted" date="2025-11-07T18:24:41.774" >
      <step title="ChmodRecursive Process exited with total time taken in ms: 718" date="2025-11-07T18:25:07.119" /><!-- duration: 5ms -->
    </step><!-- duration: 25354ms -->
    <step title="Deployment timer started" date="2025-11-07T18:25:09.144" >
      <step title="DeploymentManager.Deploy(id:e60a312f-4a6a-4bc0-adae-8defd24336d0)" date="2025-11-07T18:25:09.149" >
        <step title="Collecting changeset information" date="2025-11-07T18:25:09.182" /><!-- duration: 123ms -->
        <step title="Updating submodules" date="2025-11-07T18:25:09.315" /><!-- duration: 1129ms -->
        <step title="Determining deployment builder" date="2025-11-07T18:25:10.660" >
          <step title="Builder is BasicBuilder" date="2025-11-07T18:25:10.678" /><!-- duration: 15ms -->
        </step><!-- duration: 40ms -->
        <step title="PreDeployment: context.CleanOutputPath False" date="2025-11-07T18:25:10.787" >
          <step title="PreDeployment: context.OutputPath /home/site/wwwroot" date="2025-11-07T18:25:10.945" >
            <step title="Building" date="2025-11-07T18:25:11.092" >
              <step title="Executing external process" date="2025-11-07T18:25:11.753" type="process" path="starter.sh" arguments="/opt/Kudu/Scripts/absoluteTar.sh /tmp/zipdeploy/extracted/node_modules /tmp/zipdeploy/extracted/node_modules.tar.gz" /><!-- duration: 40411ms -->
              <step title="Executing external process" date="2025-11-07T18:25:52.542" type="process" path="starter.sh" arguments="/opt/Kudu/Scripts/parallel_rsync.sh /tmp/zipdeploy/extracted /home/site/wwwroot 8 /tmp/ False True node_modules " /><!-- duration: 2775ms -->
              <step title="Triggering recycle (preview mode disabled)." date="2025-11-07T18:25:55.975" /><!-- duration: 7ms -->
              <step title="Modified file to trigger a restart of the app container." date="2025-11-07T18:25:56.018" /><!-- duration: 5ms -->
              <step title="Skip function trigger and logicapp sync because function is not enabled." date="2025-11-07T18:25:56.159" /><!-- duration: 18ms -->
              <step title="Purge deployment items" date="2025-11-07T18:25:57.443" >
                <step title="Remove fa0485ba-, Failed, received at 11/07/2025 17:28:55" date="2025-11-07T18:25:57.546" /><!-- duration: 4ms -->
              </step><!-- duration: 114ms -->
            </step><!-- duration: 46557ms -->
          </step><!-- duration: 46713ms -->
          <step title="Cleaning up temp files" date="2025-11-07T18:25:57.667" /><!-- duration: 33ms -->
          <step title="Cleaning up temp files" date="2025-11-07T18:25:57.704" /><!-- duration: 513ms -->
          <step title="Reloading status file with latest updates" date="2025-11-07T18:25:58.241" >
            <step title="WebHooksManager.PublishEventAsync: PostDeployment" date="2025-11-07T18:25:58.253" /><!-- duration: 99ms -->
          </step><!-- duration: 115ms -->
          <step title="Cleaning up temporary deployment - fetch deployment was successful" date="2025-11-07T18:25:58.364" /><!-- duration: 3ms -->
        </step><!-- duration: 47652ms -->
      </step><!-- duration: 49314ms -->
