<step title="BackgroundTrace" date="2025-11-07T19:07:12.107" instance="e3848c" url="/api/zipdeploy" method="POST" >
  <step title="Cleanup Xml Logs" date="2025-11-07T19:07:12.125" /><!-- duration: 18ms -->
  <step title="Creating temporary deployment - FetchDeploymentManager" date="2025-11-07T19:07:14.199" /><!-- duration: 166ms -->
  <step title="Creating temporary deployment" date="2025-11-07T19:07:14.925" /><!-- duration: 657ms -->
  <step title="Performing fetch based deployment" date="2025-11-07T19:07:16.756" >
    <step title="Cleaning up temp folders from previous zip deployments and extracting pushed zip file /tmp/zipdeploy/4b0d63d6-5475-4e26-94e1-35f7870d79ae.zip (38.39 MB) to /tmp/zipdeploy/extracted" date="2025-11-07T19:07:20.360" >
      <step title="ChmodRecursive Process exited with total time taken in ms: 532" date="2025-11-07T19:09:10.790" /><!-- duration: 6ms -->
    </step><!-- duration: 110443ms -->
    <step title="Deployment timer started" date="2025-11-07T19:09:12.821" >
      <step title="DeploymentManager.Deploy(id:68471cef-893d-4c5b-9433-575ddae1d097)" date="2025-11-07T19:09:12.827" >
        <step title="Collecting changeset information" date="2025-11-07T19:09:12.837" /><!-- duration: 89ms -->
        <step title="Updating submodules" date="2025-11-07T19:09:12.932" /><!-- duration: 1123ms -->
        <step title="Determining deployment builder" date="2025-11-07T19:09:14.337" >
          <step title="Builder is BasicBuilder" date="2025-11-07T19:09:14.372" /><!-- duration: 4ms -->
        </step><!-- duration: 44ms -->
        <step title="PreDeployment: context.CleanOutputPath False" date="2025-11-07T19:09:14.443" >
          <step title="PreDeployment: context.OutputPath /home/site/wwwroot" date="2025-11-07T19:09:14.627" >
            <step title="Building" date="2025-11-07T19:09:14.744" >
              <step title="Executing external process" date="2025-11-07T19:09:15.078" type="process" path="starter.sh" arguments="/opt/Kudu/Scripts/parallel_rsync.sh /tmp/zipdeploy/extracted /home/site/wwwroot 8 /tmp/ False True  " 