<step title="BackgroundTrace" date="2025-11-08T14:00:45.837" instance="cbe9e9" url="/api/zipdeploy" method="POST" >
  <step title="Cleanup Xml Logs" date="2025-11-08T14:00:45.841" >
    <step title="Cleanup Infos" date="2025-11-08T14:00:45.847" totalFiles="223" totalCleanup="63" /><!-- duration: 3ms -->
  </step><!-- duration: 12ms -->
  <step title="Creating temporary deployment - FetchDeploymentManager" date="2025-11-08T14:00:45.943" /><!-- duration: 2ms -->
  <step title="Creating temporary deployment" date="2025-11-08T14:00:45.949" /><!-- duration: 112ms -->
  <step title="Performing fetch based deployment" date="2025-11-08T14:00:46.108" >
    <step title="Cleaning up temp folders from previous zip deployments and extracting pushed zip file /tmp/zipdeploy/ab6d105d-3ab2-4af8-8d28-673e16a52c03.zip (38.38 MB) to /tmp/zipdeploy/extracted" date="2025-11-08T14:00:47.314" >
      <step title="ChmodRecursive Process exited with total time taken in ms: 511" date="2025-11-08T14:01:13.556" /><!-- duration: 17ms -->
    </step><!-- duration: 26263ms -->
    <step title="Deployment timer started" date="2025-11-08T14:01:15.589" >
      <step title="DeploymentManager.Deploy(id:bdce2cba-b47d-433b-ba9e-48e35b71fa60)" date="2025-11-08T14:01:15.595" >
        <step title="Collecting changeset information" date="2025-11-08T14:01:15.606" /><!-- duration: 71ms -->
        <step title="Updating submodules" date="2025-11-08T14:01:15.683" /><!-- duration: 1126ms -->
        <step title="Determining deployment builder" date="2025-11-08T14:01:17.618" >
          <step title="Builder is BasicBuilder" date="2025-11-08T14:01:17.628" /><!-- duration: 3ms -->
        </step><!-- duration: 15ms -->
        <step title="PreDeployment: context.CleanOutputPath False" date="2025-11-08T14:01:17.689" >
          <step title="PreDeployment: context.OutputPath /home/site/wwwroot" date="2025-11-08T14:01:17.805" >
            <step title="Building" date="2025-11-08T14:01:17.936" >
              <step title="Executing external process" date="2025-11-08T14:01:18.426" type="process" path="starter.sh" arguments="/opt/Kudu/Scripts/absoluteTar.sh /tmp/zipdeploy/extracted/node_modules /tmp/zipdeploy/extracted/node_modules.tar.gz" /><!-- duration: 24318ms -->
              <step title="Executing external process" date="2025-11-08T14:01:43.022" type="process" path="starter.sh" arguments="/opt/Kudu/Scripts/parallel_rsync.sh /tmp/zipdeploy/extracted /home/site/wwwroot 8 /tmp/ False True node_modules " /><!-- duration: 2030ms -->
              <step title="Triggering recycle (preview mode disabled)." date="2025-11-08T14:01:45.670" /><!-- duration: 4ms -->
              <step title="Modified file to trigger a restart of the app container." date="2025-11-08T14:01:45.694" /><!-- duration: 2ms -->
              <step title="Skip function trigger and logicapp sync because function is not enabled." date="2025-11-08T14:01:45.701" /><!-- duration: 4ms -->
            </step><!-- duration: 28730ms -->
          </step><!-- duration: 28865ms -->
          <step title="Cleaning up temp files" date="2025-11-08T14:01:46.672" /><!-- duration: 4ms -->
          <step title="Cleaning up temp files" date="2025-11-08T14:01:46.689" /><!-- duration: 508ms -->
          <step title="Reloading status file with latest updates" date="2025-11-08T14:01:47.254" >
            <step title="WebHooksManager.PublishEventAsync: PostDeployment" date="2025-11-08T14:01:47.259" /><!-- duration: 91ms -->
          </step><!-- duration: 100ms -->
          <step title="Cleaning up temporary deployment - fetch deployment was successful" date="2025-11-08T14:01:47.359" /><!-- duration: 3ms -->
        </step><!-- duration: 29746ms -->
      </step><!-- duration: 31853ms -->
