﻿<?xml version="1.0" encoding="utf-8"?>
<deployment>
  <id>bdce2cba-b47d-433b-ba9e-48e35b71fa60</id>
  <author>N/A</author>
  <deployer>Push-Deployer</deployer>
  <authorEmail>N/A</authorEmail>
  <message>Created via a push deployment</message>
  <progress></progress>
  <status>Success</status>
  <statusText></statusText>
  <lastSuccessEndTime>2025-11-08T14:01:46.0456574Z</lastSuccessEndTime>
  <receivedTime>2025-11-08T14:01:15.6278619Z</receivedTime>
  <startTime>2025-11-08T14:01:17.5456363Z</startTime>
  <endTime>2025-11-08T14:01:46.0456574Z</endTime>
  <complete>True</complete>
  <is_temp>False</is_temp>
  <is_readonly>True</is_readonly>
  <buildSummary />
</deployment>